{"_font":{"default":true,"value":""},"version":1.3,"file":[{"jsfile":{"data":"this.shown.pos = [0, 0];this.shown.z = 50;this.init = function (params) {this.cam = createCamera();window.test = this.cam;player.godMode = true;};this.update = function () {this.cam.pan(-movedX * 0.001);this.cam.tilt(movedY * 0.001);};this.draw = function (params) {if (Boolean(window?.editor)) {return;}this.cam ??= createCamera();window.test = this.cam;let matrix = this.cam.cameraMatrix.copy();if (frameCount % 500 === 0) console.log(matrix);if (frameCount % 500 === 0) console.log(matrix);let glPosition = matrix.multiplyVec4(this.shown.pos[0] - engine.cameraPos.x,this.shown.pos[1] - engine.cameraPos.y,this.shown.z,1); /*engine.gui.translate(-width / 2, -height / 2);*/if (frameCount % 500 === 0) console.log(glPosition);strokeWeight(8);point(glPosition[0], glPosition[1]);if (abs(glPosition[0]) > width / 2 ||abs(glPosition[1]) > height / 2 ||glPosition[2] > 0) {if (frameCount % 100 === 0) console.log('offscreen');}strokeWeight(1);};","type":".js","references":{}}},{"jsfile0":{"data":"","type":".js","references":{}}},{"jsfile1":{"data":"this.update = function (params) {this.x = engine.mouseScreen().x;this.y = engine.mouseScreen().y;};","type":".js","references":{}}}],"scenes":{"0":{"Data":[[0,227,106,500,50],[0,-18,94,80,76]],"sceneData":[0,0,-10,50000],"componentData":[{"0":[{"name":"gameScript","params":{"fileUUID":"jsfile","vals":{"pos":[227,106],"z":0}}}],"1":[{"name":"gameScript","params":{"fileUUID":"jsfile1","vals":{}}}]}]}},"GUI":{"default":true}}